<?xml version="1.0" encoding="UTF-8"?>
<!DOCTYPE mapper PUBLIC "-//mybatis.org//DTD Mapper 3.0//EN" 
"http://mybatis.org/dtd/mybatis-3-mapper.dtd">
<mapper namespace="com.kakaopayproject.mapper.SettMapper">
    <select id="selectAllSettInfo" resultType="com.kakaopayproject.vo.InsertData">
        SELECT settSeq,settInfoStr FROM SETTINFO
    </select>
    
    <select id="selectCurrSettInfo" resultType="com.kakaopayproject.vo.CurrSettInfo">
        SELECT manageNo,settAmt,vatAmt FROM CURSETTINFO
    </select>
    
    <select id="selectSeq" resultType="String">
        SELECT NEXT VALUE FOR settSeq settSeq FROM INFORMATION_SCHEMA.SYSTEM_USERS
    </select>
    
    <insert id="settInfoInsert" parameterType="com.kakaopayproject.vo.InsertData">
        INSERT INTO SETTINFO (settSeq,oriManageNo,settInfoStr) 
		VALUES (#{settSeq},#{oriManageNo},#{settInfoStr})
    </insert>
    
    <select id="selectSettInfo" parameterType="String" resultType="com.kakaopayproject.vo.InsertData">
        SELECT settSeq,settInfoStr FROM SETTINFO WHERE settSeq = #{settSeq}
    </select>
    
    <select id="selectCnclSettInfo" parameterType="String" resultType="com.kakaopayproject.vo.InsertData">
        SELECT settSeq,oriManageNo,settInfoStr FROM SETTINFO WHERE oriManageNo = #{oriManageNo}
    </select>
    
    <!--현재 결제 상태를 보기위한 테이블 -->
    <insert id="currSettInfoInsert" parameterType="com.kakaopayproject.vo.CurrSettInfo">
        INSERT INTO CURSETTINFO (manageNo,settAmt,vatAmt) 
		VALUES (#{manageNo},#{settAmt},#{vatAmt})
    </insert>
    
    <!--현재 결제 상태를 보기위한 테이블 -->
    <insert id="currSettInfoUpdate" parameterType="com.kakaopayproject.vo.CurrSettInfo">
        UPDATE CURSETTINFO
        SET vatAmt = #{vatAmt},
            settAmt = #{settAmt}
        WHERE manageNo = #{manageNo}
    </insert>
 <!-- 
    <insert id="insertCardInfo" parameterType="com.kakaopayproject.vo.CardInfo">
        INSERT INTO CARDINFO (cardNo, expirtDate, cvcNo, instPeriod, settAmt,regDate) 
		VALUES (#{cardNo},#{expirtDate},#{cvcNo},#{instPeriod},#{settAmt},SYSDATE)
    </insert>
 
    <update id="updateCardInfo" parameterType="com.kakaopayproject.vo.CardInfo">
        UPDATE CARDINFO
        SET expirtDate = #{expirtDate},
            cvcNo = #{cvcNo}
        WHERE id = #{cardNo}
    </update>
     
    <delete id="deleteCardInfo" parameterType="com.kakaopayproject.vo.CardInfo">   
        DELETE FROM CARDINFO
        WHERE id = #{cardNo}
    </delete> -->
</mapper>
