<?xml version="1.0" encoding="UTF-8"?>
<beans xmlns="http://www.springframework.org/schema/beans"
	xmlns:xsi="http://www.w3.org/2001/XMLSchema-instance"
	xmlns:context="http://www.springframework.org/schema/context"
	xmlns:p="http://www.springframework.org/schema/p"
	xmlns:oxm="http://www.springframework.org/schema/oxm"
	xmlns:jdbc="http://www.springframework.org/schema/jdbc"
	xmlns:mybatis-spring="http://mybatis.org/schema/mybatis-spring"
	xsi:schemaLocation="http://www.springframework.org/schema/oxm http://www.springframework.org/schema/jdbc
		http://www.springframework.org/schema/jdbc http://www.springframework.org/schema/jdbc/spring-jdbc-4.0.xsd
		http://www.springframework.org/schema/jdbc/spring-jdbc-4.0.xsd http://www.springframework.org/schema/mvc
		http://mybatis.org/schema/mybatis-spring http://mybatis.org/schema/mybatis-spring-1.2.xsd
		http://www.springframework.org/schema/beans http://www.springframework.org/schema/beans/spring-beans-4.0.xsd
		http://www.springframework.org/schema/context http://www.springframework.org/schema/context/spring-context-4.0.xsd">
 
 
	<!-- Root Context: defines shared resources visible to all other web components -->
	
	<jdbc:embedded-database id="embdDataSorce" type="HSQL">
		<jdbc:script location ="classpath:schema.sql"/>
		<jdbc:script location ="classpath:data.sql"/>
	</jdbc:embedded-database>
	
    <bean id="dataSource" class="net.sf.log4jdbc.Log4jdbcProxyDataSource">
        <constructor-arg ref="embdDataSorce"/>
        <property name="logFormatter">
            <bean class="net.sf.log4jdbc.tools.Log4JdbcCustomFormatter">
                <property name="loggingType" value="MULTI_LINE"/>
                <property name="sqlPrefix" value="[SQL] "/>
            </bean>
        </property>
    </bean>
    <bean id="sqlSessionFactory" class="org.mybatis.spring.SqlSessionFactoryBean">
        <property name="dataSource" ref="dataSource"/>
        <property name="mapperLocations">
            <list>
                <value>classpath:sqlmap/SettMapper.xml</value>
            </list>
        </property>
    </bean>
	<bean id="sqlSessionTemplate" class="org.mybatis.spring.SqlSessionTemplate" destroy-method="clearCache">
        <constructor-arg ref="sqlSessionFactory"/>
    </bean> 
    
	<context:component-scan base-package="com.kakaopayproject.controller" />
	<context:component-scan base-package="com.kakaopayproject.mapper" />
	<context:component-scan base-package="com.kakaopayproject.service" />
    <!-- Custom sql formatter  -->

</beans>
